CREATE DATABASE  IF NOT EXISTS `vio_priscila` /*!40100 DEFAULT CHARACTER SET utf8mb4 COLLATE utf8mb4_0900_ai_ci */ /*!80016 DEFAULT ENCRYPTION='N' */;
USE `vio_priscila`;
-- MySQL dump 10.13  Distrib 8.0.36, for Win64 (x86_64)
--
-- Host: localhost    Database: vio_priscila
-- ------------------------------------------------------
-- Server version	8.0.36

/*!40101 SET @OLD_CHARACTER_SET_CLIENT=@@CHARACTER_SET_CLIENT */;
/*!40101 SET @OLD_CHARACTER_SET_RESULTS=@@CHARACTER_SET_RESULTS */;
/*!40101 SET @OLD_COLLATION_CONNECTION=@@COLLATION_CONNECTION */;
/*!50503 SET NAMES utf8 */;
/*!40103 SET @OLD_TIME_ZONE=@@TIME_ZONE */;
/*!40103 SET TIME_ZONE='+00:00' */;
/*!40014 SET @OLD_UNIQUE_CHECKS=@@UNIQUE_CHECKS, UNIQUE_CHECKS=0 */;
/*!40014 SET @OLD_FOREIGN_KEY_CHECKS=@@FOREIGN_KEY_CHECKS, FOREIGN_KEY_CHECKS=0 */;
/*!40101 SET @OLD_SQL_MODE=@@SQL_MODE, SQL_MODE='NO_AUTO_VALUE_ON_ZERO' */;
/*!40111 SET @OLD_SQL_NOTES=@@SQL_NOTES, SQL_NOTES=0 */;

--
-- Table structure for table `compra`
--

DROP TABLE IF EXISTS `compra`;
/*!40101 SET @saved_cs_client     = @@character_set_client */;
/*!50503 SET character_set_client = utf8mb4 */;
CREATE TABLE `compra` (
  `id_compra` int NOT NULL AUTO_INCREMENT,
  `data_compra` datetime DEFAULT CURRENT_TIMESTAMP,
  `fk_id_usuario` int NOT NULL,
  PRIMARY KEY (`id_compra`),
  KEY `fk_id_usuario` (`fk_id_usuario`),
  CONSTRAINT `compra_ibfk_1` FOREIGN KEY (`fk_id_usuario`) REFERENCES `usuario` (`id_usuario`)
) ENGINE=InnoDB AUTO_INCREMENT=20 DEFAULT CHARSET=utf8mb4 COLLATE=utf8mb4_0900_ai_ci;
/*!40101 SET character_set_client = @saved_cs_client */;

--
-- Dumping data for table `compra`
--

LOCK TABLES `compra` WRITE;
/*!40000 ALTER TABLE `compra` DISABLE KEYS */;
INSERT INTO `compra` VALUES (1,'2024-11-14 19:04:00',1),(2,'2024-11-13 17:00:00',1),(3,'2024-11-12 15:30:00',2),(5,'2025-05-12 10:52:15',3),(6,'2025-05-12 13:10:47',4),(7,'2025-05-12 13:11:17',4),(8,'2025-05-12 13:11:21',4),(9,'2025-05-12 13:19:50',7),(10,'2025-05-12 13:26:00',7),(12,'2025-05-26 10:47:43',1),(13,'2025-05-26 10:52:11',2),(14,'2025-05-26 10:58:31',2),(15,'2025-05-26 10:59:16',2),(16,'2025-05-26 11:00:34',2),(17,'2025-05-26 11:01:14',1),(18,'2025-05-26 11:02:33',1),(19,'2025-05-26 11:29:47',10);
/*!40000 ALTER TABLE `compra` ENABLE KEYS */;
UNLOCK TABLES;
/*!50003 SET @saved_cs_client      = @@character_set_client */ ;
/*!50003 SET @saved_cs_results     = @@character_set_results */ ;
/*!50003 SET @saved_col_connection = @@collation_connection */ ;
/*!50003 SET character_set_client  = utf8mb4 */ ;
/*!50003 SET character_set_results = utf8mb4 */ ;
/*!50003 SET collation_connection  = utf8mb4_0900_ai_ci */ ;
/*!50003 SET @saved_sql_mode       = @@sql_mode */ ;
/*!50003 SET sql_mode              = 'ONLY_FULL_GROUP_BY,STRICT_TRANS_TABLES,NO_ZERO_IN_DATE,NO_ZERO_DATE,ERROR_FOR_DIVISION_BY_ZERO,NO_ENGINE_SUBSTITUTION' */ ;
DELIMITER ;;
/*!50003 CREATE*/ /*!50017 DEFINER=`alunods`@`%`*/ /*!50003 TRIGGER `trg_after_delete_compra` AFTER DELETE ON `compra` FOR EACH ROW begin
    insert into historico_compra (id_compra, data_compra, id_usuario) value (old.id_compra, old.data_compra, old.fk_id_usuario);
end */;;
DELIMITER ;
/*!50003 SET sql_mode              = @saved_sql_mode */ ;
/*!50003 SET character_set_client  = @saved_cs_client */ ;
/*!50003 SET character_set_results = @saved_cs_results */ ;
/*!50003 SET collation_connection  = @saved_col_connection */ ;

--
-- Table structure for table `evento`
--

DROP TABLE IF EXISTS `evento`;
/*!40101 SET @saved_cs_client     = @@character_set_client */;
/*!50503 SET character_set_client = utf8mb4 */;
CREATE TABLE `evento` (
  `id_evento` int NOT NULL AUTO_INCREMENT,
  `nome` varchar(100) NOT NULL,
  `descricao` varchar(255) NOT NULL,
  `data_hora` datetime NOT NULL,
  `local` varchar(255) NOT NULL,
  `fk_id_organizador` int NOT NULL,
  PRIMARY KEY (`id_evento`),
  KEY `fk_id_organizador` (`fk_id_organizador`),
  CONSTRAINT `evento_ibfk_1` FOREIGN KEY (`fk_id_organizador`) REFERENCES `organizador` (`id_organizador`)
) ENGINE=InnoDB AUTO_INCREMENT=11 DEFAULT CHARSET=utf8mb4 COLLATE=utf8mb4_0900_ai_ci;
/*!40101 SET character_set_client = @saved_cs_client */;

--
-- Dumping data for table `evento`
--

LOCK TABLES `evento` WRITE;
/*!40000 ALTER TABLE `evento` DISABLE KEYS */;
INSERT INTO `evento` VALUES (1,'Festival de Verão','evento de verao','2024-12-15 00:00:00','Praia Central',1),(2,'Congresso de Tecnologia','Evento de tecnologia','2024-11-20 00:00:00','Centro de convencoes',2),(3,'Show Internacional','Evento internacional','2024-10-30 00:00:00','Arena Principal',3),(4,'Feira cultural de inverno','Evento cultural com música e gastronomia.','2025-07-20 18:00:00','Teatro Central',1),(8,'Feira de Tecnologia 2025','Evento voltado para inovação e tecnologia, com palestras e exposições.','2025-09-10 10:00:00','Centro de Convenções TechWorld',2),(9,'Festival de Música Alternativa','Festival com bandas independentes e atividades culturais.','2025-11-22 16:00:00','Parque Municipal das Artes',3),(10,'Congresso Internacional de Sustentabilidade','Evento focado em práticas sustentáveis e tecnologias verdes.','2025-12-05 09:00:00','Centro de Convenções Verde',1);
/*!40000 ALTER TABLE `evento` ENABLE KEYS */;
UNLOCK TABLES;
/*!50003 SET @saved_cs_client      = @@character_set_client */ ;
/*!50003 SET @saved_cs_results     = @@character_set_results */ ;
/*!50003 SET @saved_col_connection = @@collation_connection */ ;
/*!50003 SET character_set_client  = utf8mb4 */ ;
/*!50003 SET character_set_results = utf8mb4 */ ;
/*!50003 SET collation_connection  = utf8mb4_0900_ai_ci */ ;
/*!50003 SET @saved_sql_mode       = @@sql_mode */ ;
/*!50003 SET sql_mode              = 'ONLY_FULL_GROUP_BY,STRICT_TRANS_TABLES,NO_ZERO_IN_DATE,NO_ZERO_DATE,ERROR_FOR_DIVISION_BY_ZERO,NO_ENGINE_SUBSTITUTION' */ ;
DELIMITER ;;
/*!50003 CREATE*/ /*!50017 DEFINER=`alunods`@`%`*/ /*!50003 TRIGGER `impedir_alteracao_evento_passado` BEFORE UPDATE ON `evento` FOR EACH ROW begin   
    if old.data_hora < curdate() then
        signal sqlstate '45000'
        set message_text = 'Não é permitido alterar eventos que ocorreram.';
    end if;
end */;;
DELIMITER ;
/*!50003 SET sql_mode              = @saved_sql_mode */ ;
/*!50003 SET character_set_client  = @saved_cs_client */ ;
/*!50003 SET character_set_results = @saved_cs_results */ ;
/*!50003 SET collation_connection  = @saved_col_connection */ ;

--
-- Table structure for table `historico_compra`
--

DROP TABLE IF EXISTS `historico_compra`;
/*!40101 SET @saved_cs_client     = @@character_set_client */;
/*!50503 SET character_set_client = utf8mb4 */;
CREATE TABLE `historico_compra` (
  `id_historico` int NOT NULL AUTO_INCREMENT,
  `id_compra` int NOT NULL,
  `data_compra` datetime NOT NULL,
  `id_usuario` int NOT NULL,
  `data_exclusao` datetime DEFAULT CURRENT_TIMESTAMP,
  PRIMARY KEY (`id_historico`)
) ENGINE=InnoDB AUTO_INCREMENT=3 DEFAULT CHARSET=utf8mb4 COLLATE=utf8mb4_0900_ai_ci;
/*!40101 SET character_set_client = @saved_cs_client */;

--
-- Dumping data for table `historico_compra`
--

LOCK TABLES `historico_compra` WRITE;
/*!40000 ALTER TABLE `historico_compra` DISABLE KEYS */;
INSERT INTO `historico_compra` VALUES (1,4,'2024-11-11 14:20:00',2,'2025-05-26 09:11:23'),(2,11,'2024-11-14 19:04:00',1,'2025-05-26 10:16:52');
/*!40000 ALTER TABLE `historico_compra` ENABLE KEYS */;
UNLOCK TABLES;

--
-- Table structure for table `ingresso`
--

DROP TABLE IF EXISTS `ingresso`;
/*!40101 SET @saved_cs_client     = @@character_set_client */;
/*!50503 SET character_set_client = utf8mb4 */;
CREATE TABLE `ingresso` (
  `id_ingresso` int NOT NULL AUTO_INCREMENT,
  `preco` decimal(5,2) NOT NULL,
  `tipo` varchar(10) NOT NULL,
  `fk_id_evento` int NOT NULL,
  PRIMARY KEY (`id_ingresso`),
  KEY `fk_id_evento` (`fk_id_evento`),
  CONSTRAINT `ingresso_ibfk_1` FOREIGN KEY (`fk_id_evento`) REFERENCES `evento` (`id_evento`)
) ENGINE=InnoDB AUTO_INCREMENT=14 DEFAULT CHARSET=utf8mb4 COLLATE=utf8mb4_0900_ai_ci;
/*!40101 SET character_set_client = @saved_cs_client */;

--
-- Dumping data for table `ingresso`
--

LOCK TABLES `ingresso` WRITE;
/*!40000 ALTER TABLE `ingresso` DISABLE KEYS */;
INSERT INTO `ingresso` VALUES (1,500.00,'vip',1),(2,150.00,'pista',1),(3,200.00,'pista',2),(4,600.00,'vip',3),(5,250.00,'pista',3),(6,120.00,'vip',4),(7,60.00,'pista',4),(8,50.00,'Pista',8),(9,100.00,'VIP',8),(10,40.00,'Pista',9),(11,80.00,'VIP',9),(12,120.00,'Pista',10),(13,200.00,'VIP',10);
/*!40000 ALTER TABLE `ingresso` ENABLE KEYS */;
UNLOCK TABLES;

--
-- Table structure for table `ingresso_compra`
--

DROP TABLE IF EXISTS `ingresso_compra`;
/*!40101 SET @saved_cs_client     = @@character_set_client */;
/*!50503 SET character_set_client = utf8mb4 */;
CREATE TABLE `ingresso_compra` (
  `id_ingresso_compra` int NOT NULL AUTO_INCREMENT,
  `quantidade` int NOT NULL,
  `fk_id_ingresso` int NOT NULL,
  `fk_id_compra` int NOT NULL,
  PRIMARY KEY (`id_ingresso_compra`),
  KEY `fk_id_ingresso` (`fk_id_ingresso`),
  KEY `fk_id_compra` (`fk_id_compra`),
  CONSTRAINT `ingresso_compra_ibfk_1` FOREIGN KEY (`fk_id_ingresso`) REFERENCES `ingresso` (`id_ingresso`),
  CONSTRAINT `ingresso_compra_ibfk_2` FOREIGN KEY (`fk_id_compra`) REFERENCES `compra` (`id_compra`)
) ENGINE=InnoDB AUTO_INCREMENT=17 DEFAULT CHARSET=utf8mb4 COLLATE=utf8mb4_0900_ai_ci;
/*!40101 SET character_set_client = @saved_cs_client */;

--
-- Dumping data for table `ingresso_compra`
--

LOCK TABLES `ingresso_compra` WRITE;
/*!40000 ALTER TABLE `ingresso_compra` DISABLE KEYS */;
INSERT INTO `ingresso_compra` VALUES (1,5,4,1),(2,2,5,1),(3,1,1,2),(4,2,2,2),(5,2,5,5),(7,10,7,10),(9,2,9,12),(10,3,10,13),(11,3,9,14),(12,3,10,15),(13,3,10,16),(14,1,10,17),(15,1,12,18),(16,3,8,19);
/*!40000 ALTER TABLE `ingresso_compra` ENABLE KEYS */;
UNLOCK TABLES;
/*!50003 SET @saved_cs_client      = @@character_set_client */ ;
/*!50003 SET @saved_cs_results     = @@character_set_results */ ;
/*!50003 SET @saved_col_connection = @@collation_connection */ ;
/*!50003 SET character_set_client  = utf8mb4 */ ;
/*!50003 SET character_set_results = utf8mb4 */ ;
/*!50003 SET collation_connection  = utf8mb4_0900_ai_ci */ ;
/*!50003 SET @saved_sql_mode       = @@sql_mode */ ;
/*!50003 SET sql_mode              = 'ONLY_FULL_GROUP_BY,STRICT_TRANS_TABLES,NO_ZERO_IN_DATE,NO_ZERO_DATE,ERROR_FOR_DIVISION_BY_ZERO,NO_ENGINE_SUBSTITUTION' */ ;
DELIMITER ;;
/*!50003 CREATE*/ /*!50017 DEFINER=`alunods`@`%`*/ /*!50003 TRIGGER `verifica_data_evento` BEFORE INSERT ON `ingresso_compra` FOR EACH ROW begin
    declare data_evento datetime;

    
    -- buscar data do evento
    select e.data_hora into data_evento
    from ingresso i join evento e on i.fk_id_evento = e.id_evento
    where i.id_ingresso = new.fk_id_ingresso;

    -- verificar se o evento já ocorreu
    if date(data_evento) < curdate() then
        signal sqlstate '45000'
        set message_text = 'Não é possível comprar ingressos para eventos passados.';
    end if;
end */;;
DELIMITER ;
/*!50003 SET sql_mode              = @saved_sql_mode */ ;
/*!50003 SET character_set_client  = @saved_cs_client */ ;
/*!50003 SET character_set_results = @saved_cs_results */ ;
/*!50003 SET collation_connection  = @saved_col_connection */ ;
/*!50003 SET @saved_cs_client      = @@character_set_client */ ;
/*!50003 SET @saved_cs_results     = @@character_set_results */ ;
/*!50003 SET @saved_col_connection = @@collation_connection */ ;
/*!50003 SET character_set_client  = utf8mb4 */ ;
/*!50003 SET character_set_results = utf8mb4 */ ;
/*!50003 SET collation_connection  = utf8mb4_0900_ai_ci */ ;
/*!50003 SET @saved_sql_mode       = @@sql_mode */ ;
/*!50003 SET sql_mode              = 'ONLY_FULL_GROUP_BY,STRICT_TRANS_TABLES,NO_ZERO_IN_DATE,NO_ZERO_DATE,ERROR_FOR_DIVISION_BY_ZERO,NO_ENGINE_SUBSTITUTION' */ ;
DELIMITER ;;
/*!50003 CREATE*/ /*!50017 DEFINER=`alunods`@`%`*/ /*!50003 TRIGGER `atualizar_total_ingressos` AFTER INSERT ON `ingresso_compra` FOR EACH ROW begin
  declare v_id_evento int;
  select fk_id_evento into v_id_evento
  from ingresso
  where id_ingresso = NEW.fk_id_ingresso;
  if exists (
    select 1 from resumo_evento where id_evento = v_id_evento
  ) then
    update resumo_evento
    set total_ingressos = total_ingressos + new.quantidade
    where id_evento = v_id_evento;
  else
    insert into resumo_evento (id_evento, total_ingressos)
    values (v_id_evento, NEW.quantidade);
  end if;
end */;;
DELIMITER ;
/*!50003 SET sql_mode              = @saved_sql_mode */ ;
/*!50003 SET character_set_client  = @saved_cs_client */ ;
/*!50003 SET character_set_results = @saved_cs_results */ ;
/*!50003 SET collation_connection  = @saved_col_connection */ ;

--
-- Table structure for table `log_evento`
--

DROP TABLE IF EXISTS `log_evento`;
/*!40101 SET @saved_cs_client     = @@character_set_client */;
/*!50503 SET character_set_client = utf8mb4 */;
CREATE TABLE `log_evento` (
  `id_log` int NOT NULL AUTO_INCREMENT,
  `mensagem` varchar(255) DEFAULT NULL,
  `data_log` datetime DEFAULT CURRENT_TIMESTAMP,
  PRIMARY KEY (`id_log`)
) ENGINE=InnoDB DEFAULT CHARSET=utf8mb4 COLLATE=utf8mb4_0900_ai_ci;
/*!40101 SET character_set_client = @saved_cs_client */;

--
-- Dumping data for table `log_evento`
--

LOCK TABLES `log_evento` WRITE;
/*!40000 ALTER TABLE `log_evento` DISABLE KEYS */;
/*!40000 ALTER TABLE `log_evento` ENABLE KEYS */;
UNLOCK TABLES;

--
-- Table structure for table `organizador`
--

DROP TABLE IF EXISTS `organizador`;
/*!40101 SET @saved_cs_client     = @@character_set_client */;
/*!50503 SET character_set_client = utf8mb4 */;
CREATE TABLE `organizador` (
  `id_organizador` int NOT NULL AUTO_INCREMENT,
  `nome` varchar(100) NOT NULL,
  `email` varchar(100) NOT NULL,
  `senha` varchar(50) NOT NULL,
  `telefone` char(11) NOT NULL,
  PRIMARY KEY (`id_organizador`),
  UNIQUE KEY `email` (`email`)
) ENGINE=InnoDB AUTO_INCREMENT=6 DEFAULT CHARSET=utf8mb4 COLLATE=utf8mb4_0900_ai_ci;
/*!40101 SET character_set_client = @saved_cs_client */;

--
-- Dumping data for table `organizador`
--

LOCK TABLES `organizador` WRITE;
/*!40000 ALTER TABLE `organizador` DISABLE KEYS */;
INSERT INTO `organizador` VALUES (1,'Organização ABC','contato@abc.com','senha123','11111222333'),(2,'Eventos XYZ','info@xyz.com','senha123','11222333444'),(3,'Festivais BR','contato@festbr.com','senha123','11333444555'),(4,'Eventos GL','support@gl.com','senha123','11444555666'),(5,'Eventos JQ','contact@jq.com','senha123','11555666777');
/*!40000 ALTER TABLE `organizador` ENABLE KEYS */;
UNLOCK TABLES;

--
-- Table structure for table `presenca`
--

DROP TABLE IF EXISTS `presenca`;
/*!40101 SET @saved_cs_client     = @@character_set_client */;
/*!50503 SET character_set_client = utf8mb4 */;
CREATE TABLE `presenca` (
  `id_presenca` int NOT NULL AUTO_INCREMENT,
  `data_hora_checkin` datetime DEFAULT NULL,
  `fk_id_evento` int NOT NULL,
  `fk_id_compra` int NOT NULL,
  PRIMARY KEY (`id_presenca`),
  KEY `fk_id_evento` (`fk_id_evento`),
  KEY `fk_id_compra` (`fk_id_compra`),
  CONSTRAINT `presenca_ibfk_1` FOREIGN KEY (`fk_id_evento`) REFERENCES `evento` (`id_evento`),
  CONSTRAINT `presenca_ibfk_2` FOREIGN KEY (`fk_id_compra`) REFERENCES `compra` (`id_compra`)
) ENGINE=InnoDB DEFAULT CHARSET=utf8mb4 COLLATE=utf8mb4_0900_ai_ci;
/*!40101 SET character_set_client = @saved_cs_client */;

--
-- Dumping data for table `presenca`
--

LOCK TABLES `presenca` WRITE;
/*!40000 ALTER TABLE `presenca` DISABLE KEYS */;
/*!40000 ALTER TABLE `presenca` ENABLE KEYS */;
UNLOCK TABLES;

--
-- Table structure for table `resumo_evento`
--

DROP TABLE IF EXISTS `resumo_evento`;
/*!40101 SET @saved_cs_client     = @@character_set_client */;
/*!50503 SET character_set_client = utf8mb4 */;
CREATE TABLE `resumo_evento` (
  `id_evento` int NOT NULL AUTO_INCREMENT,
  `total_ingressos` int DEFAULT NULL,
  PRIMARY KEY (`id_evento`)
) ENGINE=InnoDB AUTO_INCREMENT=11 DEFAULT CHARSET=utf8mb4 COLLATE=utf8mb4_0900_ai_ci;
/*!40101 SET character_set_client = @saved_cs_client */;

--
-- Dumping data for table `resumo_evento`
--

LOCK TABLES `resumo_evento` WRITE;
/*!40000 ALTER TABLE `resumo_evento` DISABLE KEYS */;
INSERT INTO `resumo_evento` VALUES (8,8),(9,10),(10,1);
/*!40000 ALTER TABLE `resumo_evento` ENABLE KEYS */;
UNLOCK TABLES;

--
-- Table structure for table `usuario`
--

DROP TABLE IF EXISTS `usuario`;
/*!40101 SET @saved_cs_client     = @@character_set_client */;
/*!50503 SET character_set_client = utf8mb4 */;
CREATE TABLE `usuario` (
  `id_usuario` int NOT NULL AUTO_INCREMENT,
  `name` varchar(100) NOT NULL,
  `email` varchar(100) NOT NULL,
  `password` varchar(50) NOT NULL,
  `cpf` char(11) NOT NULL,
  `data_nascimento` date NOT NULL,
  PRIMARY KEY (`id_usuario`),
  UNIQUE KEY `email` (`email`),
  UNIQUE KEY `cpf` (`cpf`)
) ENGINE=InnoDB AUTO_INCREMENT=21 DEFAULT CHARSET=utf8mb4 COLLATE=utf8mb4_0900_ai_ci;
/*!40101 SET character_set_client = @saved_cs_client */;

--
-- Dumping data for table `usuario`
--

LOCK TABLES `usuario` WRITE;
/*!40000 ALTER TABLE `usuario` DISABLE KEYS */;
INSERT INTO `usuario` VALUES (1,'João da Silva','joao.silva@example.com','senha123','16123456789','1990-01-15'),(2,'Maria Oliveira','maria.oliveira@example.com','senha123','16987654321','1985-06-23'),(3,'Carlos Pereira','carlos.pereira@example.com','senha123','16123987456','1992-11-30'),(4,'Ana Souza','ana.souza@example.com','senha123','16456123789','1987-04-18'),(5,'Pedro Costa','pedro.costa@example.com','senha123','16789123456','1995-08-22'),(6,'Laura Lima','laura.lima@example.com','senha123','16321654987','1998-09-09'),(7,'Lucas Alves','lucas.alves@example.com','senha123','16654321987','1993-12-01'),(8,'Fernanda Rocha','fernanda.rocha@example.com','senha123','16741852963','1991-07-07'),(9,'Rafael Martins','rafael.martins@example.com','senha123','16369258147','1994-03-27'),(10,'Juliana Nunes','juliana.nunes@example.com','senha123','16258147369','1986-05-15'),(11,'Paulo Araujo','paulo.araujo@example.com','senha123','16159753486','1997-10-12'),(12,'Beatriz Melo','beatriz.melo@example.com','senha123','16486159753','1990-02-28'),(13,'Renato Dias','renato.dias@example.com','senha123','16753486159','1996-11-11'),(14,'Camila Ribeiro','camila.ribeiro@example.com','senha123','16963852741','1989-08-03'),(15,'Thiago Teixeira','thiago.teixeira@example.com','senha123','16852741963','1992-12-24'),(16,'Patrícia Fernandes','patricia.fernandes@example.com','senha123','16741963852','1991-01-10'),(17,'Rodrigo Gomes','rodrigo.gomes@example.com','senha123','16963741852','1987-06-30'),(18,'Mariana Batista','mariana.batista@example.com','senha123','16147258369','1998-09-22'),(19,'Fábio Freitas','fabio.freitas@example.com','senha123','16369147258','1994-04-16'),(20,'Isabela Cardoso','isabela.cardoso@example.com','senha123','16258369147','1985-11-08');
/*!40000 ALTER TABLE `usuario` ENABLE KEYS */;
UNLOCK TABLES;
/*!50003 SET @saved_cs_client      = @@character_set_client */ ;
/*!50003 SET @saved_cs_results     = @@character_set_results */ ;
/*!50003 SET @saved_col_connection = @@collation_connection */ ;
/*!50003 SET character_set_client  = utf8mb4 */ ;
/*!50003 SET character_set_results = utf8mb4 */ ;
/*!50003 SET collation_connection  = utf8mb4_0900_ai_ci */ ;
/*!50003 SET @saved_sql_mode       = @@sql_mode */ ;
/*!50003 SET sql_mode              = 'ONLY_FULL_GROUP_BY,STRICT_TRANS_TABLES,NO_ZERO_IN_DATE,NO_ZERO_DATE,ERROR_FOR_DIVISION_BY_ZERO,NO_ENGINE_SUBSTITUTION' */ ;
DELIMITER ;;
/*!50003 CREATE*/ /*!50017 DEFINER=`alunods`@`%`*/ /*!50003 TRIGGER `impedir_alteracao_cpf` BEFORE UPDATE ON `usuario` FOR EACH ROW begin
    if old.cpf <> new.cpf then
        signal sqlstate '45000'
        set message_text = 'Não é permitido alterar o CPF de um usuário já cadastrado';
    end if;
end */;;
DELIMITER ;
/*!50003 SET sql_mode              = @saved_sql_mode */ ;
/*!50003 SET character_set_client  = @saved_cs_client */ ;
/*!50003 SET character_set_results = @saved_cs_results */ ;
/*!50003 SET collation_connection  = @saved_col_connection */ ;

--
-- Dumping events for database 'vio_priscila'
--

--
-- Dumping routines for database 'vio_priscila'
--
/*!50003 DROP FUNCTION IF EXISTS `buscar_faixa_etaria_usuario` */;
/*!50003 SET @saved_cs_client      = @@character_set_client */ ;
/*!50003 SET @saved_cs_results     = @@character_set_results */ ;
/*!50003 SET @saved_col_connection = @@collation_connection */ ;
/*!50003 SET character_set_client  = utf8mb4 */ ;
/*!50003 SET character_set_results = utf8mb4 */ ;
/*!50003 SET collation_connection  = utf8mb4_0900_ai_ci */ ;
/*!50003 SET @saved_sql_mode       = @@sql_mode */ ;
/*!50003 SET sql_mode              = 'ONLY_FULL_GROUP_BY,STRICT_TRANS_TABLES,NO_ZERO_IN_DATE,NO_ZERO_DATE,ERROR_FOR_DIVISION_BY_ZERO,NO_ENGINE_SUBSTITUTION' */ ;
DELIMITER ;;
CREATE DEFINER=`alunods`@`%` FUNCTION `buscar_faixa_etaria_usuario`(pid int) RETURNS varchar(20) CHARSET utf8mb4
    READS SQL DATA
begin
    declare nascimento date;
    declare faixa varchar(20);

    select data_nascimento into nascimento
    from usuario
    where id_usuario = pid;

    set faixa = faixa_etaria(nascimento);
    return faixa;
end ;;
DELIMITER ;
/*!50003 SET sql_mode              = @saved_sql_mode */ ;
/*!50003 SET character_set_client  = @saved_cs_client */ ;
/*!50003 SET character_set_results = @saved_cs_results */ ;
/*!50003 SET collation_connection  = @saved_col_connection */ ;
/*!50003 DROP FUNCTION IF EXISTS `calcula_idade` */;
/*!50003 SET @saved_cs_client      = @@character_set_client */ ;
/*!50003 SET @saved_cs_results     = @@character_set_results */ ;
/*!50003 SET @saved_col_connection = @@collation_connection */ ;
/*!50003 SET character_set_client  = utf8mb4 */ ;
/*!50003 SET character_set_results = utf8mb4 */ ;
/*!50003 SET collation_connection  = utf8mb4_0900_ai_ci */ ;
/*!50003 SET @saved_sql_mode       = @@sql_mode */ ;
/*!50003 SET sql_mode              = 'ONLY_FULL_GROUP_BY,STRICT_TRANS_TABLES,NO_ZERO_IN_DATE,NO_ZERO_DATE,ERROR_FOR_DIVISION_BY_ZERO,NO_ENGINE_SUBSTITUTION' */ ;
DELIMITER ;;
CREATE DEFINER=`alunods`@`%` FUNCTION `calcula_idade`(datanascimento date) RETURNS int
    DETERMINISTIC
begin
    declare idade int;
    set idade = timestampdiff(year, datanascimento, curdate());
    return idade;
end ;;
DELIMITER ;
/*!50003 SET sql_mode              = @saved_sql_mode */ ;
/*!50003 SET character_set_client  = @saved_cs_client */ ;
/*!50003 SET character_set_results = @saved_cs_results */ ;
/*!50003 SET collation_connection  = @saved_col_connection */ ;
/*!50003 DROP FUNCTION IF EXISTS `calcula_total_gasto` */;
/*!50003 SET @saved_cs_client      = @@character_set_client */ ;
/*!50003 SET @saved_cs_results     = @@character_set_results */ ;
/*!50003 SET @saved_col_connection = @@collation_connection */ ;
/*!50003 SET character_set_client  = utf8mb4 */ ;
/*!50003 SET character_set_results = utf8mb4 */ ;
/*!50003 SET collation_connection  = utf8mb4_0900_ai_ci */ ;
/*!50003 SET @saved_sql_mode       = @@sql_mode */ ;
/*!50003 SET sql_mode              = 'ONLY_FULL_GROUP_BY,STRICT_TRANS_TABLES,NO_ZERO_IN_DATE,NO_ZERO_DATE,ERROR_FOR_DIVISION_BY_ZERO,NO_ENGINE_SUBSTITUTION' */ ;
DELIMITER ;;
CREATE DEFINER=`alunods`@`%` FUNCTION `calcula_total_gasto`(pid_usuario int) RETURNS decimal(10,2)
    READS SQL DATA
begin
    declare total decimal(10,2);

    select sum(i.preco * ic.quantidade) into total
    from compra c
    join ingresso_compra ic on c.id_compra = ic.fk_id_compra
    join ingresso i on i.id_ingresso = ic.fk_id_ingresso
    where c.fk_id_usuario = pid_usuario;

    return ifnull (total, 0);
end ;;
DELIMITER ;
/*!50003 SET sql_mode              = @saved_sql_mode */ ;
/*!50003 SET character_set_client  = @saved_cs_client */ ;
/*!50003 SET character_set_results = @saved_cs_results */ ;
/*!50003 SET collation_connection  = @saved_col_connection */ ;
/*!50003 DROP FUNCTION IF EXISTS `media_idade` */;
/*!50003 SET @saved_cs_client      = @@character_set_client */ ;
/*!50003 SET @saved_cs_results     = @@character_set_results */ ;
/*!50003 SET @saved_col_connection = @@collation_connection */ ;
/*!50003 SET character_set_client  = utf8mb4 */ ;
/*!50003 SET character_set_results = utf8mb4 */ ;
/*!50003 SET collation_connection  = utf8mb4_0900_ai_ci */ ;
/*!50003 SET @saved_sql_mode       = @@sql_mode */ ;
/*!50003 SET sql_mode              = 'ONLY_FULL_GROUP_BY,STRICT_TRANS_TABLES,NO_ZERO_IN_DATE,NO_ZERO_DATE,ERROR_FOR_DIVISION_BY_ZERO,NO_ENGINE_SUBSTITUTION' */ ;
DELIMITER ;;
CREATE DEFINER=`alunods`@`%` FUNCTION `media_idade`() RETURNS decimal(5,2)
    READS SQL DATA
begin
    declare media decimal(5,2);

    -- calculo da media das idades 
    select avg(timestampdiff(year, data_nascimento,curdate())) into media from usuario;

    return ifnull(media, 0);

end ;;
DELIMITER ;
/*!50003 SET sql_mode              = @saved_sql_mode */ ;
/*!50003 SET character_set_client  = @saved_cs_client */ ;
/*!50003 SET character_set_results = @saved_cs_results */ ;
/*!50003 SET collation_connection  = @saved_col_connection */ ;
/*!50003 DROP FUNCTION IF EXISTS `mensagem_boas_vindas` */;
/*!50003 SET @saved_cs_client      = @@character_set_client */ ;
/*!50003 SET @saved_cs_results     = @@character_set_results */ ;
/*!50003 SET @saved_col_connection = @@collation_connection */ ;
/*!50003 SET character_set_client  = utf8mb4 */ ;
/*!50003 SET character_set_results = utf8mb4 */ ;
/*!50003 SET collation_connection  = utf8mb4_0900_ai_ci */ ;
/*!50003 SET @saved_sql_mode       = @@sql_mode */ ;
/*!50003 SET sql_mode              = 'ONLY_FULL_GROUP_BY,STRICT_TRANS_TABLES,NO_ZERO_IN_DATE,NO_ZERO_DATE,ERROR_FOR_DIVISION_BY_ZERO,NO_ENGINE_SUBSTITUTION' */ ;
DELIMITER ;;
CREATE DEFINER=`alunods`@`%` FUNCTION `mensagem_boas_vindas`(nome_usuario varchar(100)) RETURNS varchar(255) CHARSET utf8mb4
    DETERMINISTIC
begin
    declare msg varchar(255);
    set msg = concat('Olá, ', nome_usuario,' ! seja bem vindo (a) ao sistem VIO.');
    return msg;
end ;;
DELIMITER ;
/*!50003 SET sql_mode              = @saved_sql_mode */ ;
/*!50003 SET character_set_client  = @saved_cs_client */ ;
/*!50003 SET character_set_results = @saved_cs_results */ ;
/*!50003 SET collation_connection  = @saved_col_connection */ ;
/*!50003 DROP FUNCTION IF EXISTS `registrar_log_evento` */;
/*!50003 SET @saved_cs_client      = @@character_set_client */ ;
/*!50003 SET @saved_cs_results     = @@character_set_results */ ;
/*!50003 SET @saved_col_connection = @@collation_connection */ ;
/*!50003 SET character_set_client  = utf8mb4 */ ;
/*!50003 SET character_set_results = utf8mb4 */ ;
/*!50003 SET collation_connection  = utf8mb4_0900_ai_ci */ ;
/*!50003 SET @saved_sql_mode       = @@sql_mode */ ;
/*!50003 SET sql_mode              = 'ONLY_FULL_GROUP_BY,STRICT_TRANS_TABLES,NO_ZERO_IN_DATE,NO_ZERO_DATE,ERROR_FOR_DIVISION_BY_ZERO,NO_ENGINE_SUBSTITUTION' */ ;
DELIMITER ;;
CREATE DEFINER=`alunods`@`%` FUNCTION `registrar_log_evento`(texto varchar(255)) RETURNS varchar(50) CHARSET utf8mb4
    MODIFIES SQL DATA
    DETERMINISTIC
begin
    insert into log_evento(mensagem)
    values(texto);

    return 'Log inserido com sucesso';
end ;;
DELIMITER ;
/*!50003 SET sql_mode              = @saved_sql_mode */ ;
/*!50003 SET character_set_client  = @saved_cs_client */ ;
/*!50003 SET character_set_results = @saved_cs_results */ ;
/*!50003 SET collation_connection  = @saved_col_connection */ ;
/*!50003 DROP FUNCTION IF EXISTS `status_sistema` */;
/*!50003 SET @saved_cs_client      = @@character_set_client */ ;
/*!50003 SET @saved_cs_results     = @@character_set_results */ ;
/*!50003 SET @saved_col_connection = @@collation_connection */ ;
/*!50003 SET character_set_client  = utf8mb4 */ ;
/*!50003 SET character_set_results = utf8mb4 */ ;
/*!50003 SET collation_connection  = utf8mb4_0900_ai_ci */ ;
/*!50003 SET @saved_sql_mode       = @@sql_mode */ ;
/*!50003 SET sql_mode              = 'ONLY_FULL_GROUP_BY,STRICT_TRANS_TABLES,NO_ZERO_IN_DATE,NO_ZERO_DATE,ERROR_FOR_DIVISION_BY_ZERO,NO_ENGINE_SUBSTITUTION' */ ;
DELIMITER ;;
CREATE DEFINER=`alunods`@`%` FUNCTION `status_sistema`() RETURNS varchar(50) CHARSET utf8mb4
    NO SQL
begin
    return 'Sistema operando normalmente';
end ;;
DELIMITER ;
/*!50003 SET sql_mode              = @saved_sql_mode */ ;
/*!50003 SET character_set_client  = @saved_cs_client */ ;
/*!50003 SET character_set_results = @saved_cs_results */ ;
/*!50003 SET collation_connection  = @saved_col_connection */ ;
/*!50003 DROP FUNCTION IF EXISTS `total_compras_usuario` */;
/*!50003 SET @saved_cs_client      = @@character_set_client */ ;
/*!50003 SET @saved_cs_results     = @@character_set_results */ ;
/*!50003 SET @saved_col_connection = @@collation_connection */ ;
/*!50003 SET character_set_client  = utf8mb4 */ ;
/*!50003 SET character_set_results = utf8mb4 */ ;
/*!50003 SET collation_connection  = utf8mb4_0900_ai_ci */ ;
/*!50003 SET @saved_sql_mode       = @@sql_mode */ ;
/*!50003 SET sql_mode              = 'ONLY_FULL_GROUP_BY,STRICT_TRANS_TABLES,NO_ZERO_IN_DATE,NO_ZERO_DATE,ERROR_FOR_DIVISION_BY_ZERO,NO_ENGINE_SUBSTITUTION' */ ;
DELIMITER ;;
CREATE DEFINER=`alunods`@`%` FUNCTION `total_compras_usuario`(id_usuario int) RETURNS int
    READS SQL DATA
begin
    declare total int;

    select count(*) into total
    from compra
    where id_usuario = compra.fk_id_usuario;

    return total;
    end ;;
DELIMITER ;
/*!50003 SET sql_mode              = @saved_sql_mode */ ;
/*!50003 SET character_set_client  = @saved_cs_client */ ;
/*!50003 SET character_set_results = @saved_cs_results */ ;
/*!50003 SET collation_connection  = @saved_col_connection */ ;
/*!50003 DROP PROCEDURE IF EXISTS `registrar_compra` */;
/*!50003 SET @saved_cs_client      = @@character_set_client */ ;
/*!50003 SET @saved_cs_results     = @@character_set_results */ ;
/*!50003 SET @saved_col_connection = @@collation_connection */ ;
/*!50003 SET character_set_client  = utf8mb4 */ ;
/*!50003 SET character_set_results = utf8mb4 */ ;
/*!50003 SET collation_connection  = utf8mb4_0900_ai_ci */ ;
/*!50003 SET @saved_sql_mode       = @@sql_mode */ ;
/*!50003 SET sql_mode              = 'ONLY_FULL_GROUP_BY,STRICT_TRANS_TABLES,NO_ZERO_IN_DATE,NO_ZERO_DATE,ERROR_FOR_DIVISION_BY_ZERO,NO_ENGINE_SUBSTITUTION' */ ;
DELIMITER ;;
CREATE DEFINER=`alunods`@`%` PROCEDURE `registrar_compra`(
    in p_id_usuario int,
    in p_id_ingresso int,
    in p_quantidade int
)
begin
    declare v_id_compra int;
    declare v_data_evento datetime;
    
   -- Obtem a data do evento
select e.data_hora into v_data_evento
from ingresso i
join evento e on i.fk_id_evento = e.id_evento
where i.id_ingresso = p_id_ingresso;

-- Verificarse a data do evento é menor que a atual
if date(v_data_evento) < curdate() then
signal sqlstate '45000'
set message_text= 'ERRO_PROCEDURE - Não é possível comprar ingressos para eventos passados!';
end if;
-- Criar registro na tabela 'compra'
insert into compra (data_compra, fk_id_usuario)
values (now(), p_id_usuario);

-- Obter o ID da compra recém-criada
set v_id_compra = last_insert_id();

-- Registrar os ingressos comprados
insert into ingresso_compra (fk_id_compra, fk_id_ingresso, quantidade)
values (v_id_compra, p_id_ingresso, p_quantidade);
end ;;
DELIMITER ;
/*!50003 SET sql_mode              = @saved_sql_mode */ ;
/*!50003 SET character_set_client  = @saved_cs_client */ ;
/*!50003 SET character_set_results = @saved_cs_results */ ;
/*!50003 SET collation_connection  = @saved_col_connection */ ;
/*!50003 DROP PROCEDURE IF EXISTS `registrar_presenca` */;
/*!50003 SET @saved_cs_client      = @@character_set_client */ ;
/*!50003 SET @saved_cs_results     = @@character_set_results */ ;
/*!50003 SET @saved_col_connection = @@collation_connection */ ;
/*!50003 SET character_set_client  = utf8mb4 */ ;
/*!50003 SET character_set_results = utf8mb4 */ ;
/*!50003 SET collation_connection  = utf8mb4_0900_ai_ci */ ;
/*!50003 SET @saved_sql_mode       = @@sql_mode */ ;
/*!50003 SET sql_mode              = 'ONLY_FULL_GROUP_BY,STRICT_TRANS_TABLES,NO_ZERO_IN_DATE,NO_ZERO_DATE,ERROR_FOR_DIVISION_BY_ZERO,NO_ENGINE_SUBSTITUTION' */ ;
DELIMITER ;;
CREATE DEFINER=`alunods`@`%` PROCEDURE `registrar_presenca`(
    in p_id_compra int,
    in p_id_evento int
)
begin
    insert into presenca(data_hora_checkin, fk_id_evento, fk_id_compra)
    values(now(), p_id_evento, p_id_compra);
end ;;
DELIMITER ;
/*!50003 SET sql_mode              = @saved_sql_mode */ ;
/*!50003 SET character_set_client  = @saved_cs_client */ ;
/*!50003 SET character_set_results = @saved_cs_results */ ;
/*!50003 SET collation_connection  = @saved_col_connection */ ;
/*!50003 DROP PROCEDURE IF EXISTS `resumo_evento` */;
/*!50003 SET @saved_cs_client      = @@character_set_client */ ;
/*!50003 SET @saved_cs_results     = @@character_set_results */ ;
/*!50003 SET @saved_col_connection = @@collation_connection */ ;
/*!50003 SET character_set_client  = utf8mb4 */ ;
/*!50003 SET character_set_results = utf8mb4 */ ;
/*!50003 SET collation_connection  = utf8mb4_0900_ai_ci */ ;
/*!50003 SET @saved_sql_mode       = @@sql_mode */ ;
/*!50003 SET sql_mode              = 'ONLY_FULL_GROUP_BY,STRICT_TRANS_TABLES,NO_ZERO_IN_DATE,NO_ZERO_DATE,ERROR_FOR_DIVISION_BY_ZERO,NO_ENGINE_SUBSTITUTION' */ ;
DELIMITER ;;
CREATE DEFINER=`alunods`@`%` PROCEDURE `resumo_evento`(IN pid_evento INT)
BEGIN
    DECLARE nome_evento VARCHAR(100);
    DECLARE data_evento DATETIME;
    DECLARE total_ingressos INT;
    DECLARE renda_total DECIMAL(10,2);

   
    SELECT e.nome, e.data_hora INTO nome_evento, data_evento
    FROM evento e
    WHERE e.id_evento = pid_evento;

    
    SELECT IFNULL(SUM(ic.quantidade), 0) INTO total_ingressos
    FROM ingresso_compra ic
    JOIN ingresso i ON i.id_ingresso = ic.fk_id_ingresso
    WHERE i.fk_id_evento = pid_evento;

    
    SELECT IFNULL(SUM(i.preco * ic.quantidade), 0) INTO renda_total
    FROM ingresso_compra ic
    JOIN ingresso i ON i.id_ingresso = ic.fk_id_ingresso
    WHERE i.fk_id_evento = pid_evento;

    
    SELECT nome_evento AS nome_evento,
           data_evento AS data_evento,
           total_ingressos AS total_ingressos_vendidos,
           renda_total AS renda_total;
END ;;
DELIMITER ;
/*!50003 SET sql_mode              = @saved_sql_mode */ ;
/*!50003 SET character_set_client  = @saved_cs_client */ ;
/*!50003 SET character_set_results = @saved_cs_results */ ;
/*!50003 SET collation_connection  = @saved_col_connection */ ;
/*!50003 DROP PROCEDURE IF EXISTS `resumo_usuario` */;
/*!50003 SET @saved_cs_client      = @@character_set_client */ ;
/*!50003 SET @saved_cs_results     = @@character_set_results */ ;
/*!50003 SET @saved_col_connection = @@collation_connection */ ;
/*!50003 SET character_set_client  = utf8mb4 */ ;
/*!50003 SET character_set_results = utf8mb4 */ ;
/*!50003 SET collation_connection  = utf8mb4_0900_ai_ci */ ;
/*!50003 SET @saved_sql_mode       = @@sql_mode */ ;
/*!50003 SET sql_mode              = 'ONLY_FULL_GROUP_BY,STRICT_TRANS_TABLES,NO_ZERO_IN_DATE,NO_ZERO_DATE,ERROR_FOR_DIVISION_BY_ZERO,NO_ENGINE_SUBSTITUTION' */ ;
DELIMITER ;;
CREATE DEFINER=`alunods`@`%` PROCEDURE `resumo_usuario`(in pid int)
begin
    declare nome varchar(100);
    declare email varchar(100);
    declare totalrs decimal(10,2);
    declare faixa varchar(20);

    -- buscar o nome e o email do usuário
    select u.name, u.email into nome, email 
    from usuario u 
    where u.id_usuario = pid;

    -- chamada das funções específicas já criadas
    set totalrs = calcula_total_gasto(pid);
    set faixa = buscar_faixa_etaria_usuario(pid);

    -- exibe os dados fromatados
    select nome as nome_usuario,
        email as email_usuario,
        totalrs as total_gasto,
        faixa as faixa_etaria;
end ;;
DELIMITER ;
/*!50003 SET sql_mode              = @saved_sql_mode */ ;
/*!50003 SET character_set_client  = @saved_cs_client */ ;
/*!50003 SET character_set_results = @saved_cs_results */ ;
/*!50003 SET collation_connection  = @saved_col_connection */ ;
/*!50003 DROP PROCEDURE IF EXISTS `total_ingressos_usuario` */;
/*!50003 SET @saved_cs_client      = @@character_set_client */ ;
/*!50003 SET @saved_cs_results     = @@character_set_results */ ;
/*!50003 SET @saved_col_connection = @@collation_connection */ ;
/*!50003 SET character_set_client  = utf8mb4 */ ;
/*!50003 SET character_set_results = utf8mb4 */ ;
/*!50003 SET collation_connection  = utf8mb4_0900_ai_ci */ ;
/*!50003 SET @saved_sql_mode       = @@sql_mode */ ;
/*!50003 SET sql_mode              = 'ONLY_FULL_GROUP_BY,STRICT_TRANS_TABLES,NO_ZERO_IN_DATE,NO_ZERO_DATE,ERROR_FOR_DIVISION_BY_ZERO,NO_ENGINE_SUBSTITUTION' */ ;
DELIMITER ;;
CREATE DEFINER=`alunods`@`%` PROCEDURE `total_ingressos_usuario`(
    in p_id_usuario int,
    out p_total_ingressos int
)
begin 

set p_total_ingressos = 0;

select coalesce(sum(ic.quantidade), 0)
    into p_total_ingressos
    from ingresso_compra ic
    join compra c on ic.fk_id_compra = c.id_compra
    where c.fk_id_usuario = p_id_usuario;

end ;;
DELIMITER ;
/*!50003 SET sql_mode              = @saved_sql_mode */ ;
/*!50003 SET character_set_client  = @saved_cs_client */ ;
/*!50003 SET character_set_results = @saved_cs_results */ ;
/*!50003 SET collation_connection  = @saved_col_connection */ ;
/*!40103 SET TIME_ZONE=@OLD_TIME_ZONE */;

/*!40101 SET SQL_MODE=@OLD_SQL_MODE */;
/*!40014 SET FOREIGN_KEY_CHECKS=@OLD_FOREIGN_KEY_CHECKS */;
/*!40014 SET UNIQUE_CHECKS=@OLD_UNIQUE_CHECKS */;
/*!40101 SET CHARACTER_SET_CLIENT=@OLD_CHARACTER_SET_CLIENT */;
/*!40101 SET CHARACTER_SET_RESULTS=@OLD_CHARACTER_SET_RESULTS */;
/*!40101 SET COLLATION_CONNECTION=@OLD_COLLATION_CONNECTION */;
/*!40111 SET SQL_NOTES=@OLD_SQL_NOTES */;

-- Dump completed on 2025-05-26 11:30:11
